user_id,user_name,email,auth_provider,date_of_birth,gender,height_cm,weight_kg_start,resting_hr_baseline,timezone,goal_type,signup_ts,country_code
572de671-d8a1-4492-86db-43e930c298f6,brewertim,allisonwatson@example.com,email_password,2002-05-27,prefer_not_to_say,169.1,79.9,53,Asia/Karachi,lose_weight,2025-01-14 21:44:08.904265+00:00,TN
a8d4dae1-32e9-4e43-806a-37bb4f2324c3,reyesconnor,saunderstina@example.org,email_password,1980-03-26,other,163.4,65.7,82,Asia/Karachi,gain_muscle,2025-01-03 20:26:14.904265+00:00,NG
bbf1a40a-a6bf-4b4b-b420-88908fa81bca,spencercarl,kaylajohnson@example.org,email_password,1967-10-18,male,183.9,81.7,71,Asia/Karachi,gain_muscle,2025-01-19 13:10:46.905293+00:00,DZ
644a4d47-5908-4aee-b002-5e42d2a0e063,bgomez,paynejared@example.org,email_password,1991-07-03,male,172.1,61.7,58,Asia/Karachi,lose_weight,2024-11-14 23:30:50.905293+00:00,UZ
c9623416-d4ac-414b-a188-a8bd2bcebc00,muellerangela,christopher97@example.com,email_password,1966-08-25,prefer_not_to_say,159.5,62.7,66,Asia/Karachi,lose_weight,2025-04-06 06:34:33.906270+00:00,PA
9c759449-fdf1-416f-95a6-419a5656ef73,lynnnguyen,zschmidt@example.com,email_password,2003-09-26,male,152.1,67.7,65,Asia/Karachi,maintain,2024-11-19 01:39:09.906270+00:00,MZ
a28d2f48-9aef-4a41-8174-9d9850c4472f,lpena,changmelissa@example.org,email_password,1969-05-16,female,168.4,67.2,77,Asia/Karachi,lose_weight,2024-12-27 10:41:56.906270+00:00,LY
5e3765f2-fec3-4297-a782-339c1d3ab58b,eugene45,michael82@example.net,apple_id,1979-11-19,female,168.1,68.6,70,Asia/Karachi,maintain,2024-06-22 15:15:25.907267+00:00,IS
68fde5f7-630c-4a1c-8efd-d344c0977a5c,anne20,rebecca98@example.net,google_oauth,2001-07-29,other,170.0,81.3,65,Asia/Karachi,maintain,2024-11-13 17:00:06.907267+00:00,SR
23e8d27e-f257-4a0d-bfaf-ad5ceae20629,waynereyes,willie49@example.org,email_password,2002-02-25,male,170.7,86.8,64,Asia/Karachi,maintain,2025-06-01 13:12:57.907267+00:00,SD
85f2d168-0855-46a6-b0e5-4ecae8d03716,nmcdaniel,jamiethomas@example.com,email_password,2003-06-26,male,161.0,51.7,65,Asia/Karachi,lose_weight,2024-08-28 05:33:43.908299+00:00,TO
5b54a673-484c-4aaa-ba44-c8de59ad91d5,william19,jgonzalez@example.org,email_password,1974-09-24,male,160.3,71.9,67,Asia/Karachi,lose_weight,2025-02-02 13:38:49.908299+00:00,KZ
4b5d58a5-606d-4283-bfea-4f70e72c1e9a,jordan25,edward39@example.com,google_oauth,1980-09-06,male,166.9,62.4,64,Asia/Karachi,maintain,2025-01-12 22:52:10.908299+00:00,ER
cde3830a-fffc-4d0c-a034-c6e7173aa1ef,johnbarnes,alejandrofischer@example.net,google_oauth,1969-09-20,prefer_not_to_say,175.9,88.0,55,Asia/Karachi,maintain,2024-12-08 04:22:32.908299+00:00,LC
0f03e423-4351-400b-8ffc-5e5318767372,mike75,stephanie24@example.net,apple_id,1999-08-04,other,189.0,80.1,55,Asia/Karachi,maintain,2024-08-19 16:08:36.909295+00:00,SD
dec9320c-1726-4897-94f4-239cec351b99,aoliver,mark39@example.org,apple_id,1995-04-30,prefer_not_to_say,185.5,102.8,72,Asia/Karachi,gain_muscle,2024-12-02 18:16:06.909295+00:00,IE
074e536d-cadd-4315-9822-3d9f0c988ecc,jesse27,hollysims@example.org,email_password,1972-03-05,prefer_not_to_say,163.2,78.0,64,Asia/Karachi,maintain,2025-03-07 09:45:40.909295+00:00,EG
80429fd7-04b5-44d4-ab66-e1a130d5d4b9,mckenzie90,nobledavid@example.net,apple_id,1982-04-22,male,156.1,54.4,54,Asia/Karachi,gain_muscle,2025-05-25 11:31:57.909295+00:00,UA
19ea4bdb-a2cf-41d6-b0e3-5084fe943e33,katherine34,james06@example.net,apple_id,2004-12-25,female,179.0,95.1,56,Asia/Karachi,gain_muscle,2025-05-10 11:45:53.910296+00:00,TV
0b2820cb-cd20-49d9-9da1-d9a19d7d38e0,anna53,stephen05@example.org,apple_id,1993-11-30,other,168.4,75.4,55,Asia/Karachi,lose_weight,2024-09-08 09:43:53.910296+00:00,TW
4b63c4b5-fa6f-4cf5-93c2-f5990bb19f63,stran,poolemargaret@example.com,google_oauth,2000-08-11,other,179.4,67.5,53,Asia/Karachi,gain_muscle,2025-05-09 23:36:54.910296+00:00,MG
ae8e198d-bea6-428e-8cbb-476726c56cad,davidnancy,christopher18@example.com,email_password,1992-11-13,female,161.5,61.3,58,Asia/Karachi,maintain,2024-10-30 12:15:14.910296+00:00,RW
ffcc5da4-ee59-4834-9f95-c8696070b165,paula41,jennifer80@example.org,google_oauth,2001-06-10,other,182.1,82.9,53,Asia/Karachi,maintain,2025-04-30 01:08:13.911265+00:00,ST
48d0a80b-fac2-49b6-be38-cb10590ab9ce,daniel44,craigaaron@example.net,email_password,1995-09-21,male,173.4,57.9,77,Asia/Karachi,gain_muscle,2025-02-15 06:42:13.911265+00:00,TW
1bab284f-1fe8-4979-9683-5cb691df63d7,debra00,faulknerkevin@example.net,apple_id,1985-12-27,female,158.0,58.0,66,Asia/Karachi,maintain,2025-05-30 07:16:56.911265+00:00,NZ
43e01615-be4d-46b4-8009-6c30a2942695,melissawatson,carolyn22@example.org,google_oauth,1966-12-26,other,162.2,55.4,67,Asia/Karachi,maintain,2025-06-03 11:58:50.911265+00:00,VA
1a86f5c8-4191-4539-8aaf-de646677823f,anthony77,mcompton@example.org,google_oauth,1980-05-29,male,154.4,69.5,54,Asia/Karachi,maintain,2024-09-15 23:15:08.912265+00:00,VA
4823c29c-a937-485a-b4a5-22e38a24aa80,rbarber,davidramirez@example.com,apple_id,1971-11-10,prefer_not_to_say,157.4,60.5,47,Asia/Karachi,maintain,2025-05-27 02:10:21.912265+00:00,GY
47306f11-3302-4371-b9b3-671c05da1d10,jroth,nicholasburton@example.org,email_password,1968-05-09,female,169.8,63.7,67,Asia/Karachi,lose_weight,2024-06-25 04:04:46.912265+00:00,GE
17ca6f14-8f6a-46fb-86b9-bafd91e9d02d,morristracy,tsmith@example.org,email_password,1967-07-04,prefer_not_to_say,168.9,81.6,57,Asia/Karachi,maintain,2024-09-03 04:14:15.913300+00:00,AO
76c63e7f-c865-47e4-926b-c411c272186c,nicole44,martinezcharles@example.org,email_password,1978-05-06,other,178.0,79.2,60,Asia/Karachi,maintain,2025-04-05 06:08:00.913300+00:00,FM
53f6d51a-0646-4c99-b29d-633a147e190a,jasonwashington,codywilliams@example.net,email_password,1965-02-08,prefer_not_to_say,172.1,64.8,60,Asia/Karachi,lose_weight,2024-06-16 17:10:21.913300+00:00,TH
0af8b00e-3fef-4e40-9868-464b15a8b291,brownmanuel,david96@example.com,email_password,1974-12-07,female,164.6,69.7,64,Asia/Karachi,maintain,2025-06-10 14:35:44.914300+00:00,HU
34a16d0c-18b6-43a6-87cc-1fa3e0c86262,morgan39,kevinlewis@example.com,apple_id,1975-10-24,other,148.7,68.0,78,Asia/Karachi,gain_muscle,2024-09-12 23:11:57.914300+00:00,DZ
6bdf578d-7e58-4e45-af67-7ddecaad086b,bkrueger,schultzelizabeth@example.org,email_password,1975-02-08,other,163.6,75.8,69,Asia/Karachi,maintain,2025-03-04 01:20:27.914300+00:00,ZW
ad3a5e35-1e42-436e-abd7-d5c8a8daee52,hooverkevin,annemedina@example.com,email_password,1977-07-10,prefer_not_to_say,165.7,66.4,73,Asia/Karachi,lose_weight,2024-10-31 09:55:07.914300+00:00,SD
9e4485aa-b79e-4a0c-9cb1-2faac1841654,onixon,sandersmakayla@example.com,google_oauth,1992-08-15,female,153.9,66.9,74,Asia/Karachi,lose_weight,2025-02-02 04:33:13.915297+00:00,CN
8a07a918-19d3-4d32-8f49-c7bd6041c11d,gerald19,dale00@example.com,apple_id,1972-07-28,female,163.6,82.7,71,Asia/Karachi,lose_weight,2025-06-08 23:59:28.915297+00:00,BR
4b346354-65bc-43aa-b95b-b8ed67cb7366,logan07,ramseyjason@example.org,google_oauth,1985-08-15,other,181.0,80.7,56,Asia/Karachi,maintain,2025-02-26 22:45:16.915297+00:00,LU
7d71da63-0d8b-41f4-bc8d-feca2d7bb37b,paige58,james11@example.com,apple_id,1973-07-03,female,166.2,44.1,58,Asia/Karachi,lose_weight,2025-04-19 09:11:01.915297+00:00,KN
26de144e-740f-4eae-b01c-08257257a624,yangkyle,thomassamantha@example.com,google_oauth,1977-02-05,other,176.6,67.3,68,Asia/Karachi,gain_muscle,2025-05-22 11:22:51.916300+00:00,EG
c75736f5-349b-42a6-b249-b72f0ff424cf,zgreer,wmartinez@example.org,google_oauth,1999-05-09,other,190.3,82.7,67,Asia/Karachi,gain_muscle,2024-12-30 06:22:50.916300+00:00,DM
5c3dcff6-1d9d-4f9e-af44-f2ef2a8ec19d,kimpaula,danathomas@example.org,email_password,1977-06-30,other,154.6,68.7,72,Asia/Karachi,maintain,2024-07-08 04:22:22.916300+00:00,NL
6ef822b9-1fbb-4db5-b43d-4ede3d0e6b02,ialvarez,kelly54@example.org,google_oauth,1998-03-02,prefer_not_to_say,163.4,56.4,61,Asia/Karachi,maintain,2024-12-26 06:37:24.917268+00:00,GD
b1910aa3-90f4-40dd-bf80-531108cb6f60,kellykurt,jalexander@example.net,google_oauth,2005-01-31,other,157.5,67.4,73,Asia/Karachi,gain_muscle,2025-02-07 04:27:13.917268+00:00,HT
81793b91-b618-4300-91e6-2f7fe6979fc6,phogan,erikastanton@example.org,apple_id,1975-05-03,female,171.2,52.1,77,Asia/Karachi,maintain,2024-07-28 00:42:02.917268+00:00,IR
fec93098-f52f-4ed6-9bf4-5a42dc69d2c1,lindseyjason,cmoyer@example.com,google_oauth,1981-12-06,male,174.8,79.2,52,Asia/Karachi,gain_muscle,2024-08-11 18:01:39.917268+00:00,BZ
6328f52a-55d2-4ba3-9762-a8b149862806,melissa55,prodriguez@example.com,apple_id,1982-09-21,female,168.9,71.8,65,Asia/Karachi,gain_muscle,2024-09-10 04:55:42.918269+00:00,SI
d4ad8cac-be3c-4404-bcd6-5250bfe23d66,timothycoleman,rogercook@example.net,email_password,2000-08-01,male,175.8,66.8,61,Asia/Karachi,lose_weight,2025-02-20 07:02:48.918269+00:00,TN
7bbfa071-b7ff-4790-941d-4eda80c09975,shawna89,jacob73@example.com,google_oauth,1972-02-29,other,162.4,63.5,50,Asia/Karachi,maintain,2024-08-22 12:25:31.918269+00:00,GD
adbaecc7-7506-46fa-9876-d6f3b02e16f3,adavis,gabriellemyers@example.com,email_password,1965-01-05,male,179.6,86.7,71,Asia/Karachi,maintain,2024-07-05 14:03:35.919309+00:00,VA
ad9213aa-02d0-4d87-9a53-51be7185dd26,cobrien,nhouse@example.org,apple_id,1990-01-20,other,168.4,74.1,61,Asia/Karachi,gain_muscle,2025-01-28 01:01:22.919309+00:00,SY
b18bef71-6fcc-4210-bf2e-6a725fe42a5c,alexafriedman,qskinner@example.net,apple_id,1981-06-19,other,185.7,68.9,54,Asia/Karachi,maintain,2024-09-07 20:37:46.919309+00:00,BB
73e712f8-6be1-4023-a0f1-7f1d8b7df0d8,caseygreen,ywells@example.com,email_password,1971-12-01,male,168.6,72.9,83,Asia/Karachi,maintain,2024-09-24 18:49:44.919309+00:00,PT
4e65ee70-6c7a-4a4d-b57e-873acfedf8d0,zwright,sandra68@example.com,apple_id,1973-09-01,prefer_not_to_say,180.5,88.5,57,Asia/Karachi,maintain,2024-11-14 06:20:26.920307+00:00,BW
7944b348-eda3-4e01-bc9d-c916312fc9f5,nathanielsnyder,barbara83@example.net,google_oauth,1991-06-10,other,160.2,54.0,71,Asia/Karachi,maintain,2025-04-09 02:28:13.920307+00:00,SD
81957470-a6b4-4ccf-a96a-00cae89f1742,mbaker,iruiz@example.net,email_password,1980-11-16,other,179.3,91.6,57,Asia/Karachi,gain_muscle,2024-10-13 18:16:55.920307+00:00,BB
1d212cc6-1785-4147-bff2-2727b2905516,billypotter,cindybarnes@example.org,apple_id,1991-12-14,male,155.6,61.3,68,Asia/Karachi,gain_muscle,2025-02-10 01:41:23.921266+00:00,AU
f79f42a9-fb9e-4bd9-a518-97db08994f7f,brownlawrence,reginatorres@example.net,apple_id,2001-06-17,prefer_not_to_say,172.0,83.1,71,Asia/Karachi,maintain,2024-06-21 09:30:50.921266+00:00,FR
0e946995-5e5c-4f34-b926-2a887e91399a,matthew49,alexandra18@example.com,apple_id,2001-01-23,male,182.5,93.7,52,Asia/Karachi,maintain,2024-08-09 06:20:11.922270+00:00,MT
cd594052-6c75-458a-8c69-0d80b6ebb8e1,brittney26,ryanallen@example.net,google_oauth,2005-10-01,prefer_not_to_say,163.1,64.1,79,Asia/Karachi,gain_muscle,2025-04-28 21:10:04.922270+00:00,KZ
14cb8b1c-69c9-462d-b793-1dfbf42f9044,whowell,wellsmichael@example.org,email_password,1987-07-11,male,163.0,63.1,63,Asia/Karachi,gain_muscle,2024-11-21 12:06:57.923267+00:00,MK
28a04da4-3ada-488c-b43b-a200c7e03b14,rushtheresa,jlawson@example.org,email_password,2004-10-11,prefer_not_to_say,177.0,74.3,67,Asia/Karachi,gain_muscle,2024-07-16 13:51:27.923267+00:00,MA
93b1d3b5-bb3f-4b98-88b1-80509d8f0e72,williamscandice,martinezangela@example.org,google_oauth,1974-02-19,male,156.1,61.8,74,Asia/Karachi,gain_muscle,2025-01-09 10:08:40.924268+00:00,TV
3b0192ad-2be3-4734-84fc-e24087bf700f,lconway,elewis@example.org,google_oauth,1978-10-06,other,175.7,74.3,71,Asia/Karachi,maintain,2024-07-26 17:11:40.924268+00:00,SK
98bc667c-e9e0-4299-b7c4-3f392c4bc679,matthew35,leah30@example.com,email_password,1997-08-11,prefer_not_to_say,178.4,84.7,70,Asia/Karachi,gain_muscle,2024-06-22 23:11:17.924268+00:00,KH
eb550f34-2ecd-4d8c-829e-2a1f316c0afc,david95,amy94@example.com,google_oauth,1971-07-20,other,180.5,71.9,60,Asia/Karachi,gain_muscle,2024-07-26 00:10:38.925266+00:00,CM
de1228db-3f4e-4875-bb45-3829c1bf1433,caitlinsanders,robert80@example.org,apple_id,1981-11-22,prefer_not_to_say,176.5,99.2,64,Asia/Karachi,lose_weight,2024-07-30 17:05:48.925266+00:00,EC
5ef730bf-2d6a-460d-bf1d-179db1dfa920,smorales,david96@example.org,apple_id,2001-04-22,other,159.6,76.1,62,Asia/Karachi,gain_muscle,2025-03-18 21:06:50.925266+00:00,SR
63e513a1-7c10-48cb-9e03-eefbe4f26738,figueroabrittany,ntran@example.org,google_oauth,1991-08-20,male,165.9,42.6,63,Asia/Karachi,lose_weight,2025-02-19 12:34:28.925266+00:00,CV
5e4da935-9c4e-441d-b3cb-a12ca8f51c21,hector46,miranda12@example.net,email_password,1972-11-11,other,176.0,64.9,72,Asia/Karachi,gain_muscle,2025-02-26 18:34:37.926265+00:00,HN
7257652d-3177-4686-bd69-9759a7d6e1e3,timothy76,yjuarez@example.org,google_oauth,1973-09-17,male,159.5,57.1,57,Asia/Karachi,lose_weight,2025-02-22 05:53:20.926265+00:00,AD
76de4d61-b0f3-40b8-a551-f2ba0a077113,owenshannah,marydiaz@example.com,apple_id,1980-05-02,other,160.6,48.7,61,Asia/Karachi,maintain,2025-05-09 22:22:06.926265+00:00,ZA
bab40e02-e61e-4650-8c65-29423822cb5a,larabrandon,woodsbenjamin@example.com,apple_id,1984-09-16,other,165.4,64.5,66,Asia/Karachi,maintain,2024-10-18 19:26:41.927263+00:00,BS
959891ca-9010-4613-bd77-cfaf4ca8bb43,terrigonzalez,fsingh@example.net,email_password,2003-02-02,female,152.6,62.1,69,Asia/Karachi,maintain,2024-08-03 10:30:00.927263+00:00,UY
5400f9b4-c32a-433c-9a2f-532ba4bfcf8d,pwilson,kingjason@example.org,email_password,1974-02-24,other,167.8,76.2,63,Asia/Karachi,lose_weight,2025-04-24 20:50:19.927263+00:00,NI
dd465806-87c1-4c13-94ed-301d1857ea0d,djones,christine89@example.org,google_oauth,1964-09-02,prefer_not_to_say,187.5,102.2,71,Asia/Karachi,gain_muscle,2025-02-23 06:45:22.928264+00:00,EE
e1fa95f2-43f5-43e5-8753-ca76ff67290a,glucero,mary91@example.org,email_password,1970-09-08,female,155.9,60.4,70,Asia/Karachi,maintain,2024-08-23 01:13:27.928264+00:00,GT
886f9606-7a2e-4ea8-bc3d-0cb9b881193f,mlewis,garrett84@example.net,email_password,2005-01-12,prefer_not_to_say,179.1,79.0,80,Asia/Karachi,maintain,2025-04-15 06:13:10.928264+00:00,UG
81864555-09bd-4570-b371-075c34f10436,mileskimberly,derek77@example.com,google_oauth,1984-12-19,female,174.3,68.2,59,Asia/Karachi,lose_weight,2025-06-01 13:46:46.928264+00:00,LI
b06be89d-7d60-4abc-bd0c-c18c012aeef8,tammy74,smartinez@example.org,google_oauth,1974-05-19,other,175.2,86.6,69,Asia/Karachi,lose_weight,2025-03-05 11:58:40.929263+00:00,JM
25df1934-ccc4-49dd-906d-6f459d47b823,andreawalker,mcneilteresa@example.net,google_oauth,1971-06-23,female,168.3,83.2,53,Asia/Karachi,gain_muscle,2024-07-04 14:17:22.929263+00:00,KN
dd28e8df-4634-43fb-ab30-16b110dfb7b4,williamsonjennifer,ffoster@example.com,apple_id,1987-05-15,female,164.1,69.1,71,Asia/Karachi,lose_weight,2025-02-19 15:32:15.929263+00:00,CZ
478542a4-e8e6-4969-9f2f-7b21ae786df9,heatherball,charlesfinley@example.org,apple_id,2005-06-17,male,174.7,63.5,73,Asia/Karachi,gain_muscle,2024-06-29 18:06:16.929263+00:00,AM
acbf4e39-2d4b-4d4b-b86c-0c47ec463b6e,jennifermurphy,randalljackson@example.org,google_oauth,1964-06-19,other,185.3,110.4,67,Asia/Karachi,gain_muscle,2025-05-16 20:27:11.930264+00:00,YE
a6b88d05-f0da-4da9-be17-a153de3747e2,owilliams,zachary13@example.org,email_password,1971-11-20,other,191.6,101.4,67,Asia/Karachi,lose_weight,2024-06-14 15:40:54.930264+00:00,UZ
19f782a9-138b-47ce-8416-0a88fb45a454,stevenmontes,alyssaoconnell@example.org,email_password,1977-08-05,other,170.8,64.7,62,Asia/Karachi,lose_weight,2024-06-21 07:46:31.930264+00:00,GW
1d8a5960-5c87-46b3-a266-d2ed829c5781,francis14,nmays@example.net,google_oauth,1996-12-08,male,170.8,68.6,65,Asia/Karachi,lose_weight,2024-09-24 05:55:49.931263+00:00,AR
fbc542c5-4f9f-4305-a69e-bd9811bdaa21,veronica58,shurley@example.net,email_password,1985-05-07,male,148.1,63.7,51,Asia/Karachi,lose_weight,2024-07-10 19:07:47.931263+00:00,KZ
ca930215-e5fe-4e2c-b70f-64c8e31bf161,gonzalezomar,david27@example.org,email_password,1987-05-12,prefer_not_to_say,172.0,75.4,64,Asia/Karachi,maintain,2024-09-03 11:23:42.931263+00:00,MM
fac85371-a0ef-4a7b-a463-cf89b69a5f03,vanderson,kimberly34@example.org,email_password,1975-04-22,male,163.9,76.4,69,Asia/Karachi,maintain,2025-01-25 07:49:41.931263+00:00,ER
d7b4d3bb-6d4b-4cd9-b687-0984ffc8d3b0,peterking,diazjulie@example.com,email_password,1971-10-03,female,177.9,70.7,73,Asia/Karachi,maintain,2024-07-02 08:12:43.932263+00:00,ER
4d9c32a2-5ef5-44a0-ab95-eebd1ca8037a,trevorray,lawrencesmith@example.org,email_password,2006-11-08,other,159.5,66.3,55,Asia/Karachi,lose_weight,2024-07-25 16:49:58.932263+00:00,KM
97147ecf-a95e-490f-9ee2-473e5b4884b5,sawyerjamie,daniel92@example.org,google_oauth,1969-07-26,female,177.4,66.8,73,Asia/Karachi,gain_muscle,2025-02-14 00:14:31.932263+00:00,RW
55265f2c-48d5-4c31-b383-2aeb874cdfb1,jamesweber,anthonypatricia@example.com,apple_id,1966-07-13,prefer_not_to_say,152.4,45.9,63,Asia/Karachi,gain_muscle,2025-01-22 11:24:02.933263+00:00,CF
d4e98dd4-a8ca-469f-b649-171b608b6489,campbellmaria,ohiggins@example.net,email_password,1966-08-18,other,171.0,89.0,66,Asia/Karachi,maintain,2024-09-15 22:24:58.933263+00:00,AO
a09e6d87-588d-48a0-8175-8b2b3b12c460,susan69,alexandererickson@example.com,apple_id,2003-03-08,female,176.2,64.6,62,Asia/Karachi,gain_muscle,2024-08-26 15:32:01.933263+00:00,SM
ec5b0f8d-9b75-4225-bf36-d2fccf9035e1,knoxadam,luke79@example.com,email_password,1976-03-01,other,160.9,62.4,65,Asia/Karachi,gain_muscle,2025-01-07 13:52:26.934263+00:00,LR
ee77919e-bdd6-446a-af73-f5906c8a7eaa,brooke91,dunlapjames@example.com,apple_id,1994-11-05,female,162.7,70.9,70,Asia/Karachi,maintain,2025-04-13 14:48:17.934263+00:00,AE
62b317f7-1097-47fb-a2e5-d868e82b446e,joshuacochran,patricia10@example.org,google_oauth,1999-09-09,prefer_not_to_say,150.1,44.4,58,Asia/Karachi,lose_weight,2024-12-11 03:49:46.934263+00:00,UY
165416bd-da77-4e36-bc32-5f0a36f22142,mitchellandrew,brittney34@example.net,email_password,1999-08-10,female,163.7,66.4,65,Asia/Karachi,lose_weight,2025-02-13 08:45:10.934263+00:00,VU
f850d76a-c462-493a-8d5e-2a40de54e421,michael07,lindseywilson@example.net,email_password,1998-05-28,male,158.4,59.0,58,Asia/Karachi,gain_muscle,2025-02-14 08:34:37.935264+00:00,FJ
f34b2168-1e59-4737-94c5-ecab554cb7ea,christina53,larry91@example.net,apple_id,1994-02-20,female,180.5,77.7,58,Asia/Karachi,maintain,2024-10-07 17:45:43.935264+00:00,BH
109d3c11-e240-4023-a714-e25d8f2ff933,vazquezeric,richard27@example.com,apple_id,1994-05-19,female,176.3,69.5,50,Asia/Karachi,gain_muscle,2025-03-11 16:17:44.935264+00:00,AF
2f56c4ed-4894-474e-a6fa-184bec4e2dc6,isutton,amy84@example.net,google_oauth,1964-10-31,prefer_not_to_say,165.6,60.2,54,Asia/Karachi,maintain,2024-12-25 23:29:48.936264+00:00,KG
90462bce-9f32-46dc-9daf-f7bad45a044c,lferguson,iayala@example.com,email_password,2006-02-09,prefer_not_to_say,172.0,75.3,66,Asia/Karachi,gain_muscle,2025-02-13 10:41:08.936264+00:00,GY
90541ddc-4f1d-42d2-bfda-0ea14b47efdf,kathyoliver,timothyrhodes@example.com,email_password,1979-08-21,male,192.4,84.8,45,Asia/Karachi,gain_muscle,2024-12-04 08:19:48.936264+00:00,MT
09303621-3195-43ee-b04d-1724bd6347de,aschneider,hillrichard@example.com,email_password,1965-01-21,other,163.6,60.8,67,Asia/Karachi,lose_weight,2024-08-18 10:35:04.936264+00:00,CD
4aae7fed-96bb-4133-abea-f0b1adf7c9b3,zacharysmith,luis35@example.net,email_password,1978-08-06,male,178.8,81.9,48,Asia/Karachi,gain_muscle,2025-01-28 00:50:32.937264+00:00,IN
39693a0b-8e9e-43b4-b196-77c939b26db0,moranjoseph,ramirezjackie@example.org,apple_id,1994-08-16,other,165.4,65.0,53,Asia/Karachi,maintain,2024-07-13 04:21:08.938272+00:00,BN
f837d7aa-f311-4254-a7a5-ebd72df6b388,tkoch,fpeterson@example.com,apple_id,1982-06-02,other,177.1,72.5,57,Asia/Karachi,gain_muscle,2025-03-23 09:16:21.939267+00:00,UA
032c760b-3a35-4d55-b752-50aba013d5cf,ricekaren,ngilbert@example.org,email_password,1969-07-11,prefer_not_to_say,168.3,59.1,65,Asia/Karachi,maintain,2024-08-04 05:42:47.940268+00:00,SI
f6e469e8-bcf9-499d-bc7b-e1d8efed70c0,april76,ostone@example.net,email_password,1971-02-22,female,177.1,75.0,56,Asia/Karachi,maintain,2025-05-30 22:52:58.940268+00:00,TD
fd39eb39-72c8-4d3a-ab16-b27162d903a6,smithannette,christopher09@example.org,google_oauth,2004-08-22,female,156.1,62.6,58,Asia/Karachi,maintain,2024-06-28 16:32:07.941273+00:00,PK
bb4a31d7-54bc-4382-ad38-5d323deeef79,courtneyrosario,gravesandrew@example.org,apple_id,1990-05-25,other,166.5,60.2,61,Asia/Karachi,maintain,2025-03-16 12:16:18.941273+00:00,CM
1c2bf255-cf36-4b74-981e-dfae660b3ed4,christinarobinson,jason57@example.org,apple_id,1972-07-06,other,180.2,71.3,64,Asia/Karachi,maintain,2025-02-12 00:29:56.941273+00:00,UZ
4debcc9d-597b-426e-9d79-a4ae1964f3ca,nicholas19,catherinecarroll@example.org,email_password,1988-12-07,male,159.2,57.9,61,Asia/Karachi,lose_weight,2024-09-18 04:06:30.942272+00:00,LT
dbf14c62-f1dd-493d-a00c-e72909be0014,twright,carlasloan@example.net,apple_id,2007-04-19,female,165.7,66.5,56,Asia/Karachi,maintain,2024-12-08 20:41:43.942272+00:00,MR
52b17a4a-4aa9-4c80-91bd-8b6e31dd75a9,nrandolph,haynesemily@example.com,apple_id,2001-12-20,other,166.7,85.2,57,Asia/Karachi,maintain,2024-07-02 06:11:15.943275+00:00,MC
2c60ffe4-f95c-40e3-bbbc-61ee5f80eb51,mercedes16,sjones@example.com,email_password,2004-12-04,female,177.7,105.6,63,Asia/Karachi,maintain,2025-04-23 16:57:24.943275+00:00,GE
9695aa75-e185-4bcf-9bc7-c02a1f871747,castromatthew,joshuaburnett@example.org,email_password,1975-04-25,other,183.6,66.8,74,Asia/Karachi,lose_weight,2025-06-05 00:04:59.943275+00:00,TL
e8fffc39-b293-460c-8d66-9bb9233d4184,donald58,alexandertodd@example.com,apple_id,1980-09-09,prefer_not_to_say,172.0,88.5,57,Asia/Karachi,lose_weight,2025-03-30 03:15:30.944270+00:00,ZM
1052f241-3d0c-45b1-93cc-085a739a2bf1,jennifer66,hsmith@example.net,google_oauth,1992-12-05,male,171.6,60.1,62,Asia/Karachi,gain_muscle,2024-11-13 07:50:09.944270+00:00,DK
cf5b585a-2f55-4334-95e7-bdbc7183d5bb,harold76,clarkcarly@example.com,email_password,1989-12-08,female,152.7,57.5,58,Asia/Karachi,lose_weight,2025-04-05 01:51:35.944270+00:00,MT
41f25ef9-33ca-4daf-92b8-93b3a461631d,angelaclark,holmescarrie@example.com,apple_id,1972-03-08,male,163.0,75.2,45,Asia/Karachi,gain_muscle,2025-01-26 08:48:00.944270+00:00,HR
e81d2b91-300a-4d24-88be-720b12c5c90c,qrussell,lisa43@example.net,apple_id,2002-08-14,female,160.5,54.7,67,Asia/Karachi,maintain,2024-06-27 01:48:40.945269+00:00,BD
902f0811-1a43-465b-a4ab-4819acd79fe1,bbeasley,fnewton@example.com,email_password,1979-12-29,male,181.4,78.9,60,Asia/Karachi,lose_weight,2024-10-11 10:57:03.945269+00:00,RS
eb0ee599-e34b-4aa2-8a37-294ae811ee1e,molinajennifer,faustin@example.com,google_oauth,1968-04-28,prefer_not_to_say,181.2,87.7,64,Asia/Karachi,gain_muscle,2024-11-22 07:45:14.945269+00:00,PE
02a9bbfe-be14-40b4-a204-a1e73397dff6,francisco98,robert74@example.org,email_password,1973-11-07,other,181.2,83.3,60,Asia/Karachi,gain_muscle,2024-12-24 00:36:57.946268+00:00,MK
b5093393-42f1-4c8b-99c0-d34389a2b8e6,ohernandez,vanessajohnston@example.com,google_oauth,1976-01-23,other,182.5,87.7,59,Asia/Karachi,lose_weight,2024-08-13 10:03:56.946268+00:00,UA
6779745d-6268-4841-bee3-95dd742cfa6d,pcarey,grahamraymond@example.org,apple_id,1985-04-22,male,159.4,62.3,67,Asia/Karachi,gain_muscle,2025-03-02 11:49:51.946268+00:00,SC
b761b76f-9e09-465c-bca1-92a08d986512,jacobsmith,karen39@example.com,google_oauth,1992-06-14,female,167.0,63.5,65,Asia/Karachi,gain_muscle,2025-05-02 06:27:59.946268+00:00,ST
0825e91b-82be-48cf-ada5-15a87a8f8612,joseph39,fmunoz@example.com,google_oauth,1986-04-01,female,187.2,92.6,69,Asia/Karachi,lose_weight,2024-11-30 05:04:47.947269+00:00,CU
72f4a0ee-327d-4cc4-81d3-e30664066a86,stephanie07,salazarangela@example.org,google_oauth,1995-04-04,female,169.1,76.3,65,Asia/Karachi,maintain,2025-05-02 22:45:12.947269+00:00,KE
9c426ff8-60a9-4020-9b46-6a3d7b0b7ca3,rossapril,stephenhinton@example.com,apple_id,2001-03-21,female,177.2,76.3,69,Asia/Karachi,gain_muscle,2024-08-28 18:36:31.947269+00:00,FJ
c9404e7c-4771-4f1a-b296-481c8dfe0704,obutler,bradleyadams@example.com,google_oauth,2003-04-13,other,171.0,81.9,54,Asia/Karachi,lose_weight,2024-06-27 18:06:00.948270+00:00,PL
ad51241e-9ead-422e-8d92-76b4b2fc028d,kdaniels,tcastro@example.org,apple_id,1968-12-30,female,166.4,90.4,78,Asia/Karachi,gain_muscle,2025-04-18 13:30:37.948270+00:00,CH
a33a4883-c857-4bdb-b4f1-a995782de12f,johnmiller,tiffanycoleman@example.org,email_password,1981-12-24,male,196.0,103.5,62,Asia/Karachi,gain_muscle,2024-11-20 09:52:43.948270+00:00,JM
dad987a1-22aa-47f7-b73e-204b2e3a6d5c,asanchez,scott92@example.net,google_oauth,1995-02-23,other,178.7,73.4,73,Asia/Karachi,maintain,2024-07-20 19:58:44.948270+00:00,MX
c7f3ae00-d64f-4cca-9724-d07d0faec780,hray,pwilson@example.com,google_oauth,1979-08-25,other,160.0,71.9,51,Asia/Karachi,gain_muscle,2025-04-14 11:47:46.949269+00:00,TH
6f915fb6-a75d-472f-a005-de8713d8af91,mnolan,charlesjones@example.com,apple_id,1979-11-15,prefer_not_to_say,170.3,93.3,50,Asia/Karachi,maintain,2024-07-24 20:07:44.949269+00:00,NO
139613f1-548e-4596-99f5-08f0e52d3cc9,lopezpatrick,ytucker@example.net,email_password,1992-08-13,prefer_not_to_say,173.9,69.6,77,Asia/Karachi,gain_muscle,2025-01-04 12:51:52.949269+00:00,KM
81da1e22-bc27-4a52-9f73-ba4bf39a9e73,john94,bradley79@example.org,email_password,1999-03-14,female,151.5,44.8,83,Asia/Karachi,gain_muscle,2024-11-24 02:58:52.950269+00:00,EG
366ff578-30f5-4d97-bc4b-3efcaa2d92e6,tonymccoy,jade03@example.net,google_oauth,1995-08-30,male,165.5,67.0,61,Asia/Karachi,maintain,2025-03-01 18:36:02.950269+00:00,FI
0cdcd318-5653-469a-86d2-9e9e7a93478b,stephen42,griffinsamuel@example.net,google_oauth,1965-12-15,other,176.1,72.6,63,Asia/Karachi,lose_weight,2024-10-03 12:00:08.950269+00:00,TR
8ff15f78-6d6e-4c2f-a212-59a34d185da3,brandonramos,ewhite@example.com,google_oauth,1967-12-29,female,160.4,66.3,68,Asia/Karachi,gain_muscle,2024-10-30 14:31:26.950269+00:00,BI
3972e119-09e9-4c25-b819-c0b93ed417c6,aclark,yli@example.org,email_password,1980-01-14,prefer_not_to_say,181.3,89.7,67,Asia/Karachi,lose_weight,2025-03-02 06:36:22.951269+00:00,TD
985d50de-d664-48e7-a7c5-bcee0a0c0022,tpage,mckayaudrey@example.com,google_oauth,1994-04-05,female,169.3,87.4,54,Asia/Karachi,maintain,2025-05-30 00:14:41.951269+00:00,PT
bc42e1a1-fa77-40ab-8a07-2fc2a9625801,cookashley,alexanderdonald@example.net,google_oauth,1992-04-13,other,164.5,62.5,58,Asia/Karachi,maintain,2024-06-30 12:57:56.951269+00:00,NO
fe2c268c-fbea-496c-8f72-e677b8b46025,patrick60,shannon37@example.org,google_oauth,1974-10-09,prefer_not_to_say,172.3,71.1,69,Asia/Karachi,maintain,2025-04-10 13:18:10.952269+00:00,LS
b1614833-5a32-43af-809d-2fb7eb4f57a5,brianlewis,eclayton@example.net,google_oauth,1986-11-15,prefer_not_to_say,158.9,64.1,76,Asia/Karachi,maintain,2025-02-28 15:15:55.952269+00:00,IN
7259d08d-e108-4eeb-980e-2dd172a3549d,qramirez,jessica46@example.com,email_password,1980-12-01,other,160.8,59.1,67,Asia/Karachi,lose_weight,2024-09-01 16:11:26.952269+00:00,CO
bb7b313a-58eb-4ebd-b982-2da2fcc3d65e,christopher94,fryan@example.com,email_password,1976-12-31,male,162.9,59.1,60,Asia/Karachi,gain_muscle,2025-01-01 00:48:01.952269+00:00,BW
683cb077-0536-4eb1-956b-72b27dd3cd05,qkerr,riverajessica@example.net,apple_id,1972-09-18,male,167.1,60.4,88,Asia/Karachi,lose_weight,2025-05-05 01:53:17.953270+00:00,SA
fbc3a484-cf9b-43fc-8bf6-c60d9adb18c2,barnescalvin,davisanthony@example.org,email_password,1994-06-29,male,160.1,61.4,79,Asia/Karachi,maintain,2025-05-21 23:08:05.953270+00:00,HU
5c4ece3d-a5df-425c-b00e-b60344205934,josephvelazquez,eric53@example.com,google_oauth,1977-08-01,prefer_not_to_say,170.3,73.4,49,Asia/Karachi,gain_muscle,2024-09-20 22:38:24.953270+00:00,SC
9f2ca2d3-0713-4c38-8454-9ba19554fc14,perkinsbecky,austin03@example.net,google_oauth,2001-03-18,prefer_not_to_say,177.6,84.9,64,Asia/Karachi,maintain,2024-06-29 07:27:49.954271+00:00,AZ
3380d9df-fc79-41e8-8624-6ee2bab9af32,joshuajohnson,andreawagner@example.org,email_password,1977-10-27,prefer_not_to_say,160.0,58.5,64,Asia/Karachi,lose_weight,2025-03-01 11:47:52.954271+00:00,AT
521070b8-5554-488b-9ba4-0ec1599409a8,eknight,patrick76@example.net,google_oauth,1979-04-29,other,179.8,84.3,47,Asia/Karachi,lose_weight,2024-08-02 22:28:10.954271+00:00,AM
fed450bc-9e15-4f4e-9993-a2e0974790d0,miguelclark,yvonne56@example.com,apple_id,1975-08-28,prefer_not_to_say,153.9,53.6,73,Asia/Karachi,lose_weight,2024-11-19 03:49:23.954271+00:00,AZ
666330ff-59c9-4f3a-ba12-57dc94629692,mary39,jacobsmith@example.net,apple_id,1987-08-31,female,152.8,57.5,61,Asia/Karachi,gain_muscle,2024-11-13 08:30:44.955269+00:00,DO
15f7ca69-c285-444b-b979-7db3614b5e2d,pnorris,costajasmine@example.org,google_oauth,2005-10-16,prefer_not_to_say,167.2,80.3,73,Asia/Karachi,gain_muscle,2025-01-23 12:18:11.955269+00:00,ID
96d2c746-e5a1-4496-a198-4554e9856645,fishersean,itaylor@example.net,apple_id,2005-01-30,female,171.1,52.0,72,Asia/Karachi,maintain,2025-01-22 11:04:27.955269+00:00,BJ
f5905f96-0081-45bc-94ba-8249a233b090,aliciajohnson,lmartinez@example.com,email_password,1986-01-21,prefer_not_to_say,181.4,70.8,57,Asia/Karachi,gain_muscle,2024-12-25 18:55:57.956269+00:00,LR
6dc80632-b125-434c-8ca9-3cd4208af41f,jason36,ashlee76@example.net,email_password,2005-02-14,prefer_not_to_say,184.2,72.6,73,Asia/Karachi,gain_muscle,2024-11-14 09:05:23.957271+00:00,HT
ca63f9f5-28f4-43e4-bafa-d8580d2acb17,andrewthomas,chambersnancy@example.com,apple_id,2002-07-18,male,173.6,84.7,65,Asia/Karachi,gain_muscle,2025-03-03 09:06:10.957271+00:00,TN
4da4adfd-f042-4abb-8782-7ef6d41ae5a3,pollardbrandon,andrewgray@example.net,email_password,1974-07-08,male,177.3,56.5,57,Asia/Karachi,maintain,2025-03-05 20:42:33.957271+00:00,GD
8d911110-3ba0-4cd2-bf07-a104204d260d,briggsjames,jerry92@example.net,google_oauth,1986-12-10,female,160.8,57.9,64,Asia/Karachi,maintain,2025-03-31 02:35:01.958291+00:00,BG
c6955395-54e0-4562-9d16-7b0b677f1aa0,alvarezricky,kimberlylawson@example.com,google_oauth,1967-10-23,male,174.5,83.6,53,Asia/Karachi,lose_weight,2024-11-07 19:47:14.958291+00:00,SY
7a0e10ee-a7c7-4faa-841e-a7e94e0bdda0,guzmansusan,donaldmurray@example.net,email_password,1977-12-16,male,171.2,66.2,57,Asia/Karachi,lose_weight,2025-04-28 19:29:32.959271+00:00,NZ
6a6a7500-01f2-44de-ac76-c0c49836e28d,udoyle,lauren19@example.com,google_oauth,1983-10-11,male,183.7,79.6,66,Asia/Karachi,lose_weight,2024-10-14 22:55:14.959271+00:00,NL
5f66303d-b8e5-4000-8a9f-2aa7ddd46ff3,justin73,fbutler@example.org,apple_id,2000-08-05,other,161.4,71.0,60,Asia/Karachi,maintain,2025-05-31 10:47:55.959271+00:00,SZ
fc0290b5-aca7-4f91-9ece-50af72b58b31,stephengonzales,huffrandy@example.com,email_password,1974-08-31,other,162.6,58.4,71,Asia/Karachi,gain_muscle,2024-12-27 21:45:18.959271+00:00,GM
f949f9f2-a036-41c3-967c-8659e51c4ec5,leejennifer,framsey@example.com,google_oauth,1993-03-30,other,185.6,94.8,51,Asia/Karachi,maintain,2024-12-12 07:14:26.960269+00:00,MN
7edd8982-418b-460f-abf4-3735f214112c,summersstephanie,qobrien@example.com,email_password,1968-10-10,other,166.3,96.1,67,Asia/Karachi,gain_muscle,2025-04-20 18:20:10.960269+00:00,MX
6418be99-cc51-4b93-a8f5-a56b1e3410e9,jeffrey85,robert57@example.org,apple_id,1983-09-23,other,166.3,71.1,55,Asia/Karachi,maintain,2025-02-03 00:40:10.960269+00:00,DK
70466645-138a-4777-a4f4-a62618031453,jhenry,nclark@example.com,email_password,1980-10-15,prefer_not_to_say,167.9,62.4,62,Asia/Karachi,lose_weight,2024-10-06 19:50:01.961269+00:00,BT
bf71587d-2335-4e2c-94b9-54c8fb5bca4e,bradleymoore,jordan51@example.com,google_oauth,1989-10-31,female,175.5,89.4,57,Asia/Karachi,gain_muscle,2024-11-28 01:53:25.961269+00:00,PH
bfeeda03-93ed-48ab-b7ec-ca030fda8fa7,moralesrichard,pattersonjoann@example.com,apple_id,1993-11-10,other,156.0,64.6,67,Asia/Karachi,gain_muscle,2025-04-20 20:12:20.961269+00:00,HT
50c0b632-5d1f-4254-95b3-a5e717507283,melinda44,prestontina@example.org,email_password,1970-01-17,other,175.4,63.4,70,Asia/Karachi,lose_weight,2025-02-08 18:36:26.961269+00:00,CN
00813b22-61d0-4ef0-b6b0-f4b6cc7562d9,awalsh,delacruzgabriel@example.org,google_oauth,1967-06-11,female,164.0,76.5,68,Asia/Karachi,lose_weight,2024-12-13 15:27:50.962269+00:00,FM
f8672f2d-2976-4771-9b55-e43d132d07e0,murphyalbert,qayala@example.com,apple_id,1978-03-23,male,170.7,62.9,56,Asia/Karachi,lose_weight,2024-10-29 03:21:24.962269+00:00,MG
138e8f7e-5f3f-46c1-a022-ffcea4e98009,trodriguez,ingramkenneth@example.com,google_oauth,2003-11-02,female,163.0,55.8,66,Asia/Karachi,maintain,2025-02-18 14:38:42.962269+00:00,PS
147f7fac-ebcc-4095-a979-4ba0f6983a2a,william46,justin78@example.net,email_password,1998-03-20,female,167.5,72.0,63,Asia/Karachi,maintain,2025-05-16 08:47:18.963269+00:00,MY
74cf3f28-1787-4234-ac26-ac3ec5a95abb,dyerkathy,pbrown@example.net,email_password,2002-12-15,male,170.7,72.9,64,Asia/Karachi,maintain,2024-07-28 23:37:23.963269+00:00,SR
1a76309f-56d6-480d-a4fd-552b5d3e145a,richardsmith,jasonshepherd@example.net,email_password,1980-07-22,male,172.4,59.3,57,Asia/Karachi,lose_weight,2024-10-13 14:43:06.963269+00:00,MV
d3ed87a7-62bf-4368-acf1-6068fce6c139,jamesross,ramirezsusan@example.net,email_password,2006-04-16,male,163.3,39.8,77,Asia/Karachi,maintain,2025-01-13 22:35:29.964269+00:00,BO
1614d20f-3a99-47f4-8bd0-71d3b04575eb,cooperjennifer,sarah08@example.com,google_oauth,2003-01-24,prefer_not_to_say,162.6,66.8,61,Asia/Karachi,lose_weight,2024-09-02 00:09:51.964269+00:00,CV
7e08fd25-dccb-4d49-8e5b-8803fb7ae28c,mkelly,dmiller@example.com,email_password,1990-05-08,male,162.3,54.8,68,Asia/Karachi,gain_muscle,2024-11-26 21:50:48.964269+00:00,SA
fc9093c5-c56f-4d56-be49-a64eccc34077,kimberlyschultz,joy32@example.net,apple_id,2005-07-06,prefer_not_to_say,174.0,76.7,73,Asia/Karachi,gain_muscle,2024-09-15 04:12:02.964269+00:00,AL
9d32a7e7-cdd6-4d61-8be2-dd7be405ad2e,duane93,dbrown@example.org,email_password,2002-08-23,female,175.7,71.5,65,Asia/Karachi,gain_muscle,2024-10-21 15:52:27.965269+00:00,SB
311f2c50-87a7-48cd-b9dc-55c83f38c6d8,zvaldez,loricampbell@example.net,email_password,2000-05-25,female,166.7,89.8,66,Asia/Karachi,lose_weight,2024-11-02 08:56:58.965269+00:00,SE
ad314b46-03d6-48d1-9948-004429f6ffe9,davidgilbert,ortizchloe@example.net,apple_id,1991-01-14,male,149.2,73.9,54,Asia/Karachi,gain_muscle,2024-11-28 10:15:38.965269+00:00,PS
c8c3a4ff-cf1e-4b9d-a09b-aa9335b2827a,samanthabowman,wilsonjustin@example.net,apple_id,1991-05-06,other,189.5,90.3,65,Asia/Karachi,gain_muscle,2024-08-01 13:16:26.966269+00:00,BN
aa7f0fdb-7d9e-4f7f-b551-ca13604829f3,wilkinsjeffrey,ayalakimberly@example.org,google_oauth,1997-01-14,other,173.5,73.4,69,Asia/Karachi,gain_muscle,2025-01-11 00:31:43.966269+00:00,ER
203f177c-456b-4b50-9fc2-152d3655ebf4,gregoryisaac,lorijohnson@example.org,google_oauth,1965-01-03,female,166.9,54.5,68,Asia/Karachi,maintain,2024-07-29 18:36:51.966269+00:00,TV
f42984df-7820-42a9-bd6c-07c0a6035e2e,mannjane,everetttaylor@example.net,google_oauth,1987-10-22,other,172.7,75.1,74,Asia/Karachi,gain_muscle,2025-05-10 00:55:16.967269+00:00,SK
3c85e3c5-2bb1-460c-a0be-22c236e595f8,nmorrow,tanner76@example.net,apple_id,1994-05-30,male,174.6,82.6,66,Asia/Karachi,lose_weight,2024-09-06 19:43:22.967269+00:00,OM
7065ec2e-5bbc-499e-8976-980dec1fe870,jasmin89,logan83@example.com,apple_id,2005-03-14,prefer_not_to_say,161.3,59.1,66,Asia/Karachi,gain_muscle,2024-08-18 11:29:06.967269+00:00,LY
865d8ae8-fd8b-4230-987e-6af08208d9ef,vsawyer,bryantbrian@example.com,apple_id,1980-04-02,other,163.4,72.2,69,Asia/Karachi,lose_weight,2025-02-25 00:22:39.967269+00:00,BA
2195916c-8477-40e4-a0fd-af0bc8e1fe44,tstout,jeffsanchez@example.org,apple_id,1981-01-23,prefer_not_to_say,176.4,94.7,58,Asia/Karachi,lose_weight,2025-02-01 21:08:46.968270+00:00,VU
3073951c-484a-4a41-90de-4ff19d244138,crodriguez,holmesshelby@example.com,apple_id,1995-12-31,prefer_not_to_say,150.4,57.1,73,Asia/Karachi,lose_weight,2025-01-07 15:50:36.968270+00:00,CZ
fa529ffe-282e-4f11-a2c8-2599376f5a6e,bsmith,dcurtis@example.com,google_oauth,1980-07-03,male,163.4,64.6,65,Asia/Karachi,gain_muscle,2025-03-27 01:38:03.968270+00:00,TN
63af7d50-4cf0-442f-8465-389b91d4a362,christopherarnold,cbrown@example.net,apple_id,1993-07-15,male,168.1,76.4,65,Asia/Karachi,lose_weight,2025-01-12 19:06:13.969269+00:00,NI
191a4db9-3ebd-43de-b19a-2417d8364794,ujones,reginahall@example.net,google_oauth,2000-12-14,female,156.4,78.5,70,Asia/Karachi,gain_muscle,2024-07-30 08:08:30.969269+00:00,CZ
93c8a020-090a-424f-91f8-9c8a32fb5043,bryantorres,brian16@example.net,apple_id,1973-05-07,other,170.8,74.6,57,Asia/Karachi,gain_muscle,2025-04-06 15:18:31.970265+00:00,ID
83fc387b-3ce3-48b2-b4a4-898c9cc74674,gnavarro,patricia29@example.com,email_password,1988-10-07,female,158.6,54.3,70,Asia/Karachi,maintain,2024-10-11 15:38:27.970265+00:00,GW
c65c4eca-8f1a-44de-84a2-b32aab3398c2,stacy53,hayespaul@example.net,email_password,1988-12-03,other,187.5,101.1,63,Asia/Karachi,gain_muscle,2024-09-14 15:49:26.970265+00:00,DJ
6ba291ae-bf2f-4222-b25c-eb11eda1ca8e,braydavid,herringstephanie@example.net,apple_id,1991-03-18,prefer_not_to_say,176.6,95.7,59,Asia/Karachi,gain_muscle,2024-07-14 04:01:16.970265+00:00,TZ
a8c0125f-3d25-428e-9f08-5a8e92844094,bakereric,delgadomelissa@example.org,apple_id,1987-03-21,male,181.6,92.7,58,Asia/Karachi,lose_weight,2024-12-18 04:24:12.971266+00:00,BH
53cc5401-7a1a-4059-8457-36367cfdf5b6,emily12,jeremy38@example.net,email_password,2004-02-12,prefer_not_to_say,176.1,104.8,63,Asia/Karachi,maintain,2024-09-10 23:20:13.971266+00:00,AR
2b2cbde5-7d77-469e-8dbe-7fc4438b701a,riosmegan,ehughes@example.org,email_password,1970-03-04,female,180.4,78.2,72,Asia/Karachi,lose_weight,2025-03-06 21:30:07.971266+00:00,ZW
860e7c76-63f1-47dc-9b70-bdafe088fcf2,william98,urivera@example.net,google_oauth,1999-01-23,other,163.1,62.6,67,Asia/Karachi,maintain,2024-10-31 23:11:44.972270+00:00,BB
ff4f8386-96d6-4de4-85b0-269d311b6079,dean07,justin77@example.org,email_password,1992-06-17,prefer_not_to_say,182.9,102.1,62,Asia/Karachi,maintain,2024-06-12 08:45:46.972270+00:00,VE
32705fb8-e0de-4fc6-8d84-2f09acc077f0,jennifer81,osnow@example.com,google_oauth,1978-07-17,male,180.0,91.8,78,Asia/Karachi,gain_muscle,2024-06-13 22:58:56.972270+00:00,CL
b993572e-263d-4647-aa62-bf506564e09f,johnathan70,javier03@example.com,apple_id,1973-03-04,female,166.5,62.9,75,Asia/Karachi,lose_weight,2024-07-15 12:39:55.973269+00:00,CF
161c11b3-341f-429e-81bb-fae6ed1e3a76,hmontgomery,caseashley@example.net,google_oauth,1994-05-09,prefer_not_to_say,159.2,58.3,59,Asia/Karachi,gain_muscle,2024-08-28 04:23:23.973269+00:00,BG
43c4b761-f7da-426f-9887-89c184b345ec,nancy22,ronaldbrooks@example.net,apple_id,1999-06-25,female,174.0,67.1,58,Asia/Karachi,gain_muscle,2025-01-04 09:31:27.973269+00:00,NE
d65591e6-91fa-486b-a613-13348b2fe7c2,williamdelacruz,lisa34@example.org,email_password,1975-03-07,female,175.5,97.5,70,Asia/Karachi,lose_weight,2024-07-27 00:46:39.974266+00:00,MG
074a0db7-3d0f-4825-9e07-5d6dc342bddd,tonyabailey,david21@example.org,email_password,1993-03-11,prefer_not_to_say,176.6,77.3,67,Asia/Karachi,lose_weight,2024-09-18 15:04:29.974266+00:00,IT
8a6b0287-9f1e-4adf-98cf-1622db2e9271,angela49,courtneyweeks@example.net,apple_id,1980-08-22,male,167.3,65.3,55,Asia/Karachi,gain_muscle,2024-11-21 13:02:19.974266+00:00,PW
90a266f5-d42c-4540-8fe2-0d18545ac841,carlosmack,xbass@example.org,google_oauth,1985-06-26,male,167.4,69.4,72,Asia/Karachi,gain_muscle,2024-07-08 00:33:42.975270+00:00,HT
f214835b-6b07-49ab-8827-27c0e585e280,christianjohnson,ghanson@example.com,apple_id,1971-01-27,female,171.8,71.8,53,Asia/Karachi,lose_weight,2025-02-07 07:39:19.975270+00:00,AG
c9aadb9a-dbde-403b-b927-06ee2c4ca344,michael47,wsoto@example.com,email_password,1971-08-15,prefer_not_to_say,152.6,58.1,62,Asia/Karachi,lose_weight,2025-04-14 00:30:20.975270+00:00,MY
8a1d7fda-f209-474d-a8e8-8a67e282692b,katherinecardenas,daryldalton@example.com,apple_id,1974-03-04,male,171.0,65.5,67,Asia/Karachi,lose_weight,2024-09-18 18:14:02.975270+00:00,LU
7121f29c-c1ad-4f4f-b6c9-568a80a7768b,jhunt,mannsandra@example.org,apple_id,1974-10-27,prefer_not_to_say,159.9,74.7,73,Asia/Karachi,lose_weight,2024-09-08 12:59:19.976300+00:00,MV
43f87175-b83a-421b-9470-01edfa20ff6a,iweber,jose69@example.org,apple_id,1987-11-18,other,138.2,46.2,53,Asia/Karachi,lose_weight,2024-11-16 23:12:56.976300+00:00,SL
370fd861-332a-421b-8693-a9d13f66864d,whiteheadthomas,patrick65@example.com,apple_id,1969-04-12,other,169.0,53.7,45,Asia/Karachi,maintain,2025-05-21 13:08:50.976300+00:00,IT
940adb80-c188-4ada-963f-774d03373633,smartin,brandon81@example.org,apple_id,1987-01-05,other,169.9,75.9,65,Asia/Karachi,lose_weight,2025-04-13 19:16:29.977268+00:00,TL
38c3625f-f7ff-4d16-8018-c0888b1a8289,jillanderson,murphywesley@example.org,email_password,1998-01-24,female,188.6,99.0,61,Asia/Karachi,gain_muscle,2025-03-11 19:30:39.977268+00:00,SZ
0b9246e8-cd09-4add-ac1c-ae70683b8956,frank65,pamela01@example.com,email_password,1997-04-29,prefer_not_to_say,159.9,58.2,60,Asia/Karachi,gain_muscle,2024-08-04 05:17:53.977268+00:00,BZ
1b2521dd-d53d-4b54-b8c6-40014b6310ea,matthewhernandez,fuentesjames@example.com,google_oauth,1971-12-29,female,174.4,70.9,66,Asia/Karachi,gain_muscle,2024-12-01 09:10:15.977268+00:00,PK
542a3f49-0131-4c6d-980c-c949312eac80,qalvarez,iwallace@example.net,apple_id,1995-09-10,prefer_not_to_say,174.0,77.2,61,Asia/Karachi,maintain,2024-08-19 14:11:39.978268+00:00,BH
d6483a8a-3c00-42c7-88dc-9dd97404fcd9,chughes,josecolon@example.net,apple_id,1982-03-22,other,174.0,88.7,48,Asia/Karachi,gain_muscle,2025-02-21 23:25:21.978268+00:00,SG
2b4f3702-c80a-4a1c-bb5a-ec402e8ad920,scottnicholas,donald10@example.org,google_oauth,2005-07-30,male,188.0,75.9,53,Asia/Karachi,gain_muscle,2024-07-30 10:12:15.978268+00:00,CM
aeffffd1-993c-453e-82a7-714bfcdb65dd,theresa78,margaretbrady@example.com,email_password,1985-11-15,female,177.7,82.0,66,Asia/Karachi,lose_weight,2024-07-22 09:52:22.979300+00:00,BT
69110c9b-a13e-4fa1-8e4e-7e0527099bc7,zimmermanfaith,douglassweeney@example.org,apple_id,1988-06-24,other,175.7,84.8,69,Asia/Karachi,lose_weight,2024-09-07 16:33:10.979300+00:00,EE
73721012-c6db-4346-ab19-3bf26b8e8a8c,pquinn,evansbrittany@example.net,email_password,1994-06-13,prefer_not_to_say,170.5,36.6,70,Asia/Karachi,gain_muscle,2025-02-07 07:37:39.979300+00:00,VE
b6137272-a189-4cd4-8834-f117a15b343f,sheryl77,ramseyshannon@example.com,google_oauth,2007-06-05,other,175.3,68.7,60,Asia/Karachi,lose_weight,2024-08-07 07:38:06.980300+00:00,KE
f837e9f6-b582-42ff-883d-90d1be77b977,aliciacole,rollinssteven@example.net,apple_id,1967-12-15,female,174.7,69.6,53,Asia/Karachi,maintain,2025-02-01 08:50:41.980300+00:00,LV
59d9eb0f-aebe-4367-b04e-cd75cfb60444,pagelisa,brianbarber@example.org,apple_id,1977-02-26,other,155.9,63.5,66,Asia/Karachi,lose_weight,2024-12-21 18:47:22.980300+00:00,TL
4c7bf7a0-2995-4d77-b284-22cba445da6a,xhernandez,kellysherman@example.org,email_password,1998-06-13,male,182.9,70.7,72,Asia/Karachi,lose_weight,2024-07-09 23:03:23.981303+00:00,SI
82e6257e-7070-4aff-aeca-3a3dd216d015,robinbarnes,ethanhart@example.com,apple_id,1977-11-29,other,169.3,59.1,67,Asia/Karachi,lose_weight,2024-09-02 13:04:58.981303+00:00,CL
2f102b09-6b6e-48f4-bac9-6580e78a3046,freemaneric,zimmermannatasha@example.com,apple_id,1977-02-16,female,175.2,96.4,56,Asia/Karachi,lose_weight,2024-11-12 17:52:45.981303+00:00,TN
efecac37-0745-408c-9148-df3ef8b61138,mlowe,shellyfreeman@example.org,apple_id,1997-05-07,male,153.4,67.2,60,Asia/Karachi,maintain,2024-06-15 22:03:37.982270+00:00,TW
55532993-e721-4feb-8360-f795c3866306,wwoods,turnermitchell@example.com,apple_id,1967-02-24,prefer_not_to_say,171.3,69.3,65,Asia/Karachi,lose_weight,2025-03-08 09:31:34.982270+00:00,KI
1488a64f-6a8c-4a24-91c8-b8e885fe0533,ncurry,donald11@example.net,apple_id,1999-11-05,other,157.0,90.4,62,Asia/Karachi,maintain,2024-09-11 06:05:33.982270+00:00,ME
a6f10546-627b-4b03-9315-8cd6fa4c68d1,nclark,rasmussenkevin@example.com,email_password,1992-04-30,female,167.1,58.2,65,Asia/Karachi,lose_weight,2025-04-26 13:59:49.983269+00:00,SB
59a97ce4-92d2-4de8-a964-da61cd8b2fce,cathy32,wlee@example.com,email_password,1981-10-01,female,174.2,79.2,63,Asia/Karachi,gain_muscle,2025-02-03 11:27:45.983269+00:00,DE
b0114dc1-1847-4c95-b34d-283754391180,willisjames,travis08@example.org,email_password,1971-09-10,female,161.0,68.9,62,Asia/Karachi,maintain,2024-12-14 14:03:36.983269+00:00,IL
093add25-c788-41a8-b21e-cc86042e1826,mark30,trujillojoshua@example.com,google_oauth,2003-03-27,female,156.3,52.0,60,Asia/Karachi,lose_weight,2024-09-02 04:36:06.983269+00:00,GW
d0975ed9-5f88-465d-a6b4-83698cb16b28,bellrebecca,tracie94@example.com,google_oauth,1981-09-07,female,164.5,37.2,68,Asia/Karachi,lose_weight,2024-12-14 17:24:38.984294+00:00,GQ
9e99eec6-b862-4f53-aea5-2b93b92907c8,obooth,kevin02@example.org,email_password,1969-01-12,other,171.0,66.4,66,Asia/Karachi,gain_muscle,2025-04-05 20:08:41.984294+00:00,TW
17ab33ac-5d1a-414b-91dc-37d1e3796304,johnschultz,ljenkins@example.org,apple_id,1993-12-17,female,170.4,68.5,62,Asia/Karachi,maintain,2025-06-11 19:25:05.984294+00:00,TR
ed60d90a-f9da-4231-b8fb-863592754162,josephgarcia,zsullivan@example.com,google_oauth,1976-02-20,other,165.2,71.5,63,Asia/Karachi,lose_weight,2024-06-22 19:56:35.985290+00:00,TZ
ba81ca3d-367b-4361-88c0-cc710a981ba9,lsolis,steven84@example.com,apple_id,1995-01-19,prefer_not_to_say,177.0,76.0,61,Asia/Karachi,lose_weight,2024-10-18 12:00:40.985290+00:00,IR
fcc780e4-6f67-422b-aebe-0e3b59a83a01,derek15,zjones@example.net,apple_id,1966-07-29,other,174.8,74.5,60,Asia/Karachi,lose_weight,2024-10-04 15:26:27.985290+00:00,UA
8c24b43b-9f65-48d1-9c24-b00d3c0bb325,kyle52,grant19@example.com,google_oauth,1981-02-25,other,161.0,75.7,70,Asia/Karachi,lose_weight,2024-08-27 04:46:48.985290+00:00,GE
0c56f00c-118c-4b01-823d-d1589bee5ec7,ayersjason,william98@example.org,email_password,2001-12-21,prefer_not_to_say,171.2,63.2,83,Asia/Karachi,lose_weight,2025-05-31 17:24:35.985290+00:00,MK
9702ef81-34fb-47ec-8fbd-6de1714c24e7,oliverdennis,emercer@example.net,email_password,1991-05-08,prefer_not_to_say,185.3,101.5,68,Asia/Karachi,lose_weight,2024-11-01 00:46:41.986302+00:00,LI
043ef5a5-6202-49ed-96ec-b3cac915d8bf,tara34,johnsontammy@example.com,google_oauth,1991-07-06,other,167.3,78.0,67,Asia/Karachi,lose_weight,2024-10-18 03:02:43.986302+00:00,PS
fd524da3-f5bc-4422-b73c-f9a25019e69e,xnelson,jonathancastillo@example.org,google_oauth,1993-11-03,female,173.1,69.8,64,Asia/Karachi,lose_weight,2024-09-16 11:43:35.986302+00:00,BN
ee8769eb-be96-4150-a638-3ac8611cfb0c,heatherbrown,clarkkeith@example.com,email_password,1980-06-16,prefer_not_to_say,163.3,75.5,63,Asia/Karachi,maintain,2024-07-24 00:19:11.987301+00:00,ER
164b5345-9513-4a79-88e5-078530475280,gerald80,jonesnicholas@example.org,email_password,1969-01-31,other,192.1,84.4,66,Asia/Karachi,maintain,2024-09-17 15:45:12.987301+00:00,CZ
06dec841-9127-4f50-9025-bfef0b577b27,wilsonarthur,yeseniasanchez@example.net,email_password,1966-04-16,prefer_not_to_say,187.6,75.8,74,Asia/Karachi,lose_weight,2025-03-28 05:12:33.987301+00:00,MU
b8a4b42f-1f04-4729-a308-93f5d640daf9,osbornerebecca,kathleendonovan@example.net,apple_id,2006-09-30,female,160.1,65.0,64,Asia/Karachi,gain_muscle,2025-02-09 07:44:47.988307+00:00,LK
818f6687-df07-4bf9-be49-ee6681ca6b89,jamesbrooks,qdixon@example.org,apple_id,2005-04-04,other,168.3,87.8,75,Asia/Karachi,lose_weight,2025-02-27 15:08:07.988307+00:00,TL
cfebbf47-b207-4fbd-bc8a-e3746cd913c0,ashley32,emily06@example.org,email_password,1967-11-28,male,177.2,77.5,51,Asia/Karachi,gain_muscle,2024-10-11 21:02:08.988307+00:00,SO
a93178d0-b576-4655-8096-43fa2ba43a18,rosemark,watsonjennifer@example.com,apple_id,1971-02-12,male,177.0,78.0,58,Asia/Karachi,maintain,2024-07-27 10:43:46.989307+00:00,YE
2bf29d71-24f1-4f6d-a99d-ade236c81449,heatherbrandt,stephenestes@example.net,apple_id,1995-05-05,male,172.4,76.9,63,Asia/Karachi,lose_weight,2025-02-21 05:53:17.989307+00:00,SA
d091a46e-0153-4582-82bb-7f3ef43e5806,hjenkins,vpadilla@example.net,google_oauth,2006-02-11,male,174.4,104.6,62,Asia/Karachi,gain_muscle,2024-08-31 04:51:03.989307+00:00,CM
6826f5dc-4323-489d-ae43-ee79b94e8860,evanswilliam,cgarza@example.net,email_password,2005-09-13,male,181.2,112.5,68,Asia/Karachi,gain_muscle,2025-02-09 13:24:41.990266+00:00,LS
9666ff47-728f-4fc4-acb1-b62988c6f4ca,daniellewis,harrymcdonald@example.org,email_password,1994-04-15,female,172.7,87.5,65,Asia/Karachi,gain_muscle,2024-06-24 04:37:33.990266+00:00,TZ
3819f355-c445-4527-beb8-f9ac54b0f5e7,robert34,megan30@example.net,email_password,1967-06-25,other,174.2,59.8,64,Asia/Karachi,maintain,2025-02-09 23:55:57.990266+00:00,MY
d3cc019a-0af3-41b1-aba3-aec9bb366003,lmorrison,nwillis@example.org,email_password,1993-11-14,male,184.4,86.2,80,Asia/Karachi,gain_muscle,2025-05-27 21:09:57.991308+00:00,MD
035e2ef4-47fa-4c5b-bf3f-831ba9dc9fdf,debraparrish,iburton@example.org,google_oauth,1993-11-14,prefer_not_to_say,171.0,82.8,58,Asia/Karachi,maintain,2024-12-24 03:40:20.991308+00:00,LV
bdd5ab8d-2730-4f1f-84a8-927bbfd2d350,ybaker,dmann@example.net,email_password,1987-03-31,male,168.3,66.8,65,Asia/Karachi,maintain,2024-10-19 15:07:58.991308+00:00,GY
49edecfc-d9e8-453f-be57-2e83b52de08a,vasquezdenise,ramirezmatthew@example.com,apple_id,1970-08-24,other,177.0,71.7,55,Asia/Karachi,gain_muscle,2025-05-02 00:46:24.992266+00:00,SK
f73f3cd1-29a6-4d87-b288-43e214cec1ba,shawn01,anita01@example.com,apple_id,1992-03-02,female,170.6,81.0,77,Asia/Karachi,lose_weight,2025-02-18 04:39:19.992266+00:00,PT
f1ae3962-7ab9-4d6a-b1d1-0ef994054edd,rnichols,imoore@example.org,apple_id,1966-01-02,male,158.1,44.1,60,Asia/Karachi,gain_muscle,2024-07-01 03:27:08.992266+00:00,BE
890459c8-489f-4e49-8b78-3992c65acb48,tannerjason,kgriffith@example.org,email_password,1980-01-24,male,183.4,68.5,60,Asia/Karachi,lose_weight,2025-01-04 14:40:17.993269+00:00,LU
ef959f72-f748-4280-a855-7e7b9beb189f,davidsmith,brenda90@example.org,google_oauth,1976-10-02,other,186.0,82.6,64,Asia/Karachi,gain_muscle,2024-06-14 09:06:01.993269+00:00,SR
edffcd8a-2eac-4dd0-b2fe-515b51352f40,lloydbarbara,whitevictoria@example.com,google_oauth,1980-02-17,prefer_not_to_say,172.1,83.3,63,Asia/Karachi,gain_muscle,2024-12-20 06:59:44.993269+00:00,TD
abeee94d-9f1b-44e8-b710-8dc826d66416,jesse12,jasmineosborne@example.com,google_oauth,1985-07-11,other,151.6,56.4,67,Asia/Karachi,maintain,2025-06-08 09:37:54.994301+00:00,PG
02030cd5-cc6d-4dcc-bfb2-2a77d3f9e06e,efernandez,abradley@example.net,apple_id,1970-04-18,male,141.6,60.3,63,Asia/Karachi,lose_weight,2024-12-07 07:36:08.994301+00:00,MD
1e5e79fc-5f1f-434f-a50f-df8438517bfa,russelljo,rwelch@example.com,email_password,1985-11-19,female,153.4,54.5,78,Asia/Karachi,gain_muscle,2025-04-24 09:29:35.994301+00:00,TO
65f029aa-d18b-48a8-b0d8-5bd2aafcb063,dorothyallen,kaitlynrivera@example.com,apple_id,1978-09-14,female,177.9,81.2,64,Asia/Karachi,gain_muscle,2025-03-29 16:25:49.994301+00:00,SO
0afb3bfe-190d-4e27-9ea5-8020127ffa8b,linda17,fletcherkathleen@example.net,apple_id,1997-03-12,other,148.0,54.3,72,Asia/Karachi,lose_weight,2025-01-01 13:21:44.995304+00:00,CN
c8c63590-433a-4e44-967f-a3d48632b500,suttonjeffrey,vfoster@example.com,email_password,1997-06-11,male,161.4,71.1,58,Asia/Karachi,gain_muscle,2024-07-04 00:08:26.995304+00:00,GN
d4742dc3-945c-4614-9607-122d113bc2ff,mullinssean,thobbs@example.org,email_password,1999-02-06,other,176.0,61.0,67,Asia/Karachi,maintain,2025-03-21 14:39:45.995304+00:00,VN
b061857f-b3df-4692-a2b2-46103e0e9697,ashleystuart,mark76@example.org,apple_id,1965-04-21,female,156.4,45.8,61,Asia/Karachi,gain_muscle,2025-04-14 05:07:01.996301+00:00,NG
aa1b4953-8eb5-4b8e-9cfc-ab5c64bd74f8,smithmaria,edwardcisneros@example.net,apple_id,1971-01-10,prefer_not_to_say,166.9,70.9,57,Asia/Karachi,maintain,2025-03-08 04:57:17.996301+00:00,BF
41825d54-9af6-4322-8528-662c11807d5e,hutchinsonisaac,vschmidt@example.net,google_oauth,1979-08-25,male,165.2,67.5,74,Asia/Karachi,lose_weight,2024-09-26 22:15:51.996301+00:00,SB
0b41d614-59c3-4511-a959-96583af60de6,jessica69,susanmendoza@example.com,google_oauth,1995-04-09,female,181.1,83.4,76,Asia/Karachi,gain_muscle,2025-05-23 06:51:42.997264+00:00,CF
402720f4-12ed-447c-aae6-b9530eae6e2a,snyderlisa,nicholas94@example.net,google_oauth,1968-12-10,female,169.2,96.9,76,Asia/Karachi,maintain,2024-07-27 08:18:44.997264+00:00,IN
0585e5a6-c027-47b6-a217-a7498088ae7b,vdougherty,juliejuarez@example.com,apple_id,2003-04-14,prefer_not_to_say,165.6,61.7,63,Asia/Karachi,maintain,2025-06-12 01:35:55.997264+00:00,BF
1d1f5fb4-2b61-489d-8910-4dd111071b0b,davidtran,cisnerosmax@example.com,apple_id,1995-10-16,other,180.9,71.4,69,Asia/Karachi,maintain,2025-04-02 05:46:53.998267+00:00,SO
eb843872-393e-47f2-b449-b3718861b680,nmendez,balexander@example.net,apple_id,1973-02-17,other,173.0,90.7,57,Asia/Karachi,lose_weight,2024-07-15 17:31:34.998267+00:00,CV
56d5fde0-659c-40c8-8d0b-7b65578040b7,williamsmichael,lgarcia@example.net,apple_id,1970-03-07,other,166.6,60.5,74,Asia/Karachi,gain_muscle,2025-01-12 06:17:29.998267+00:00,SR
0561256d-f06a-4f95-b773-7abf92b016e4,morganthompson,garrett45@example.net,apple_id,1999-10-09,male,190.9,101.0,72,Asia/Karachi,maintain,2025-03-13 16:25:07.999303+00:00,BT
